Weight,Height,Width,Color,Animal
10.92,0.44,0.65,Blanco,Oso
612.84,0.98,2.29,Blanco,Oso
624.71,1.09,2.57,Negro,Oso
450.25,0.91,1.91,Negro,Oso
481.54,1.1,1.92,Marron,Oso
665.34,1.3,2.07,Negro,Oso
670.09,1.14,2.79,Marron,Oso
993.27,1.28,2.89,Marron,Oso
,,2.3,Marron,Oso
690.41,1.41,2.03,Marron,Oso
10.92,0.44,0.65,Blanco,Ciervo
175.26,1.6,1.81,Marron,Ciervo
186.18,1.38,1.86,Gris,Ciervo
177.24,1.5,1.56,Gris,Ciervo
73.18,1.07,1.54,Marron,Ciervo
82.27,1.15,1.62,Gris,Ciervo
110.28,1.33,1.63,Marron,Ciervo
130.27,1.48,1.92,Beige,Ciervo
120.86,1.19,1.69,Gris,Ciervo
65.37,1.02,1.45,Gris,Ciervo
